{
  "άστορ_σταδίου 28 (είσοδος από στοά κοραή) (μετρο πανεπιστήμιο)": {
    "lat": 37.97956550000001,
    "lon": 23.7327058,
    "area": "Αθήνα",
    "suburb": null,
    "neighbourhood": "Ακαδημία",
    "formatted_address": "Σταδίου 28, Αθήνα 105 64, Ελλάδα",
    "website": "http://www.astorcinema.gr/"
  },
  "γαλαξίας cinema_μεσογείων 6 (μετρο αμπελόκηποι)": {
    "lat": 37.9850165,
    "lon": 23.7611995,
    "area": "Αθήνα",
    "suburb": "Αμπελόκηποι",
    "neighbourhood": "Κουντουριώτικα",
    "formatted_address": "Λεωφ. Μεσογείων 6, Αθήνα 115 27, Ελλάδα",
    "website": "https://galaxiascinemas.gr/"
  },
  "newman cinema_σεβαστουπόλεως 117, αμπελόκηποι (μετρό πανόρμου)": {
    "lat": 37.9929141,
    "lon": 23.7682109,
    "area": "Αθήνα",
    "suburb": "Αμπελόκηποι",
    "neighbourhood": "Ερυθρός Σταυρός",
    "formatted_address": "Σεβαστουπόλεως 117, Αθήνα 115 26, Ελλάδα",
    "website": "https://www.newmancinema.gr/"
  },
  "διάνα_περικλέους 14, μαρούσι (ησαπ μαρούσι)": {
    "lat": 38.0572436,
    "lon": 23.8032986,
    "area": "Μαρούσι",
    "suburb": "Μαρούσι",
    "neighbourhood": "Νέο Τέρμα",
    "formatted_address": "Περικλέους 14, Μαρούσι 151 22, Ελλάδα",
    "website": null
  },
  "κηφισιά cinemax_λ. κηφισίας 245, ζηρίνειο, κηφισιά (ησαπ κηφισιά)": {
    "lat": 38.0685559,
    "lon": 23.8108421,
    "area": "Κηφισιά",
    "suburb": "Κηφισιά",
    "neighbourhood": null,
    "formatted_address": "Λεωφ. Κηφισίας 245, Κηφισιά 145 61, Ελλάδα",
    "website": "http://www.cinemax.gr/"
  },
  "νανά cinemax_λ. βουλιαγμένης 179 (μετρο αγ.ιωάννης), δάφνη": {
    "lat": 37.9543303,
    "lon": 23.7367986,
    "area": "Δάφνη Αττικής",
    "suburb": "Δάφνη",
    "neighbourhood": null,
    "formatted_address": "Λεωφόρος Βουλιαγμένης 179, Δάφνη Αττικής 172 37, Ελλάδα",
    "website": "http://cinemax.gr/cinemas/cinemas-nana"
  },
  "σπόρτιγκ digital cinema_κ. παλαιολόγου 18, ν. σμύρνη": {
    "lat": 37.94661139999999,
    "lon": 23.7110635,
    "area": "Νέα Σμύρνη",
    "suburb": "Νέα Σμύρνη",
    "neighbourhood": null,
    "formatted_address": "Κων/νου Παλαιολόγου 18, Νέα Σμύρνη 171 21, Ελλάδα",
    "website": null
  },
  "άνοιξη art cinema 2+1_αγωνιστών στρατοπέδου 49, χαϊδάρι": {
    "lat": 38.0077956,
    "lon": 23.6604964,
    "area": "Χαϊδάρι",
    "suburb": "",
    "neighbourhood": "",
    "formatted_address": "Αγωνιστών Στρατοπέδου Χαϊδαρίου 49, 2 1, Χαϊδάρι 124 61, Ελλάδα",
    "website": "https://flix.gr/theatres/288"
  },
  "ζέα_χ. τρικούπη 39, mαρίνα ζέας": {
    "lat": 37.9425556,
    "lon": 23.6535766,
    "area": "Πειραιάς",
    "suburb": null,
    "neighbourhood": "Ευαγγελίστρια",
    "formatted_address": "Ζέας, Πειραιάς, Ελλάδα",
    "website": "http://www.zeacinema.gr/"
  },
  "σινέ αλίκη (δημ. κιν/φος)_λ. μαραθώνος 196 (πολιτιστικό και αθλητικό πάρκο νέας μάκρης)": {
    "lat": 38.10099,
    "lon": 23.973782,
    "area": "Νέα Μάκρη",
    "suburb": null,
    "neighbourhood": null,
    "formatted_address": "Αγίας Παρασκευής, Νέα Μάκρη 190 05, Ελλάδα",
    "website": "https://kedmarathon.gr/cine-%CE%B1%CE%BB%CE%AF%CE%BA%CE%B7/"
  },
  "αίγλη 3d digital_λ. πεντέλης 98-100, χαλάνδρι": {
    "lat": 38.0294999,
    "lon": 23.8157566,
    "area": "Χαλάνδρι",
    "suburb": "Χαλάνδρι",
    "neighbourhood": "Άνω Χαλάνδρι",
    "formatted_address": "Λεωφ. Πεντέλης 98, Χαλάνδρι 152 34, Ελλάδα",
    "website": "http://www.cine-aigli.gr/"
  },
  "ατενέ_λευκωσίας 43, πλ. αγ. ανδρέα, πατήσια": {
    "lat": 38.0209212,
    "lon": 23.7296286,
    "area": "Αθήνα",
    "suburb": "Πατήσια",
    "neighbourhood": null,
    "formatted_address": "Άνω Πατήσια, Αθήνα, Ελλάδα",
    "website": null
  },
  "cinobo πατησίων_πατησίων 77-79 & λεωφ. αλεξάνδρας (στάση ησαπ βικτώρια)": {
    "lat": 37.9926579,
    "lon": 23.7313348,
    "area": "Αθήνα",
    "suburb": "Κυψέλη",
    "neighbourhood": "Άγιος Παντελεήμονας",
    "formatted_address": "28ης Οκτωβρίου 79, Αθήνα 104 34, Ελλάδα",
    "website": "https://www.cinobopatision.gr/"
  },
  "village 15 cinemas @ the mall_aνδρέα παπανδρέου (παραπλεύρως αττικής οδού) ησαπ νερατζιώτισσα, μαρούσι": {
    "lat": 38.0452264,
    "lon": 23.7901471,
    "area": "Μαρούσι",
    "suburb": null,
    "neighbourhood": "Ψαλίδι",
    "formatted_address": "Ανδρέα Παπανδρέου 35, Μαρούσι 151 22, Ελλάδα",
    "website": "http://www.villagecinemas.gr/"
  },
  "@escape center_λεωφ. δημοκρατίας 67α, ίλιον": {
    "lat": 38.0423879,
    "lon": 23.7242138,
    "area": "Ίλιον",
    "suburb": null,
    "neighbourhood": "Εργατικές Κατοικίες Ιλίου",
    "formatted_address": "Λεωφ. Δημοκρατίας 67, Ίλιον 131 22, Ελλάδα",
    "website": "https://www.options-cinemas.gr/athina/ilion"
  },
  "σινέ παράδεισος_αγ. γεωργίου & ζάππα 4, κορυδαλλός": {
    "lat": 37.9799841,
    "lon": 23.6504628,
    "area": "Κορυδαλλός",
    "suburb": "Κορυδαλλός",
    "neighbourhood": null,
    "formatted_address": "Ζάππα 4, Κορυδαλλός 181 20, Ελλάδα",
    "website": "http://cineparadisos.com/"
  },
  "village shopping and more_πέτρου ράλλη & θηβών, άγιος ιωάννης ρέντη": {
    "lat": 37.9754421,
    "lon": 23.6675609,
    "area": "Άγιος Ιωάννης Ρέντης",
    "suburb": "Άγιος Ιωάννης Ρέντης",
    "neighbourhood": null,
    "formatted_address": "Θηβών 228, Αγ. Ιωάννης Ρέντης 182 33, Ελλάδα",
    "website": null
  },
  "έλλη_ακαδημίας 64 (μετρο πανεπιστήμιο)": {
    "lat": 37.9826891,
    "lon": 23.733503,
    "area": "Αθήνα",
    "suburb": null,
    "neighbourhood": "Ακαδημία",
    "formatted_address": "Ακαδημίας 64, Αθήνα 106 79, Ελλάδα",
    "website": "https://www.facebook.com/ellicinema/"
  },
  "cinobo όπερα_ακαδημίας 57": {
    "lat": 37.9821913,
    "lon": 23.7334918,
    "area": "Αθήνα",
    "suburb": null,
    "neighbourhood": "Ακαδημία",
    "formatted_address": "Ακαδημίας 57, Αθήνα 106 79, Ελλάδα",
    "website": "https://www.more.com/gr-el/venues/cinobo-opera/"
  },
  "μικρόκοσμος_λεωφ. συγγρού 106, κουκάκι, στάση μετρό συγγρού-φιξ": {
    "lat": 37.962673,
    "lon": 23.724054,
    "area": "Αθήνα",
    "suburb": null,
    "neighbourhood": "Κουκάκι",
    "formatted_address": "Λεωφ. Ανδρέα Συγγρού 106, Αθήνα 117 41, Ελλάδα",
    "website": "https://mikrokosmoscinema.gr/"
  },
  "δαναός_λ. κηφισίας 109 (μετρο  πανόρμου)": {
    "lat": 37.9933895,
    "lon": 23.7667142,
    "area": "Ampelokipi",
    "suburb": "",
    "neighbourhood": "",
    "formatted_address": "Λεωφ. Κηφισίας 109, Ampelokipi 115 24, Ελλάδα",
    "website": "https://www.danaoscinema.gr/"
  },
  "νιρβάνα 1 & 2 cinemax_λ. αλεξάνδρας 192 (μετρο αμπελόκηποι)": {
    "lat": 37.9869146,
    "lon": 23.7579927,
    "area": "Αθήνα",
    "suburb": "Αμπελόκηποι",
    "neighbourhood": "Κουντουριώτικα",
    "formatted_address": "Λεωφ. Αλεξάνδρας 192, Αθήνα 115 21, Ελλάδα",
    "website": "http://www.cinemax.gr/"
  },
  "τρία αστέρια 3d digital_λ. ηρακλείου 386, ν. ηράκλειο": {
    "lat": 38.0499449,
    "lon": 23.7642272,
    "area": "Ηράκλειο",
    "suburb": "Ηράκλειο",
    "neighbourhood": null,
    "formatted_address": "Λεωφ. Ηρακλείου 386, Ηράκλειο 141 22, Ελλάδα",
    "website": "http://www.triaasteria.gr/"
  },
  "αελλώ cinemax_πατησίων 140": {
    "lat": 37.9993861,
    "lon": 23.7333922,
    "area": "Αθήνα",
    "suburb": "Κυψέλη",
    "neighbourhood": "Πλατεία Αμερικής",
    "formatted_address": "28ης Οκτωβρίου 140, Αθήνα 112 57, Ελλάδα",
    "website": "http://www.cinemax.gr/"
  },
  "τριανόν_κοδριγκτώνος 21 (πατησίων 101)  (μετρο βικτώρια)": {
    "lat": 37.9956342,
    "lon": 23.7314198,
    "area": "Αθήνα",
    "suburb": "Κυψέλη",
    "neighbourhood": "Άγιος Παντελεήμονας",
    "formatted_address": "Κοδριγκτώνος 21, Αθήνα 104 34, Ελλάδα",
    "website": "http://trianon.gr/"
  },
  "village cinemas παγκράτι_υμηττού 110 & χρεμωνίδου (εμπ. κέντρο athens millenium), παγκράτι": {
    "lat": 37.9668267,
    "lon": 23.7486003,
    "area": "Παγκράτι",
    "suburb": "Συνοικία Παγκρατίου",
    "neighbourhood": null,
    "formatted_address": "Υμηττού 110 &, Χρεμωνίδου, Παγκράτι 116 34, Ελλάδα",
    "website": "https://www.villagecinemas.gr/el/kinimatografoi/village-cinemas-pagkrati/"
  },
  "village cinemas athens metro mall - ag. dimitrios_λ.βουλιαγμένης 276, αγ. δημήτριος": {
    "lat": 37.9395523,
    "lon": 23.7399024,
    "area": "Άγιος Δημήτριος Αττικής",
    "suburb": "",
    "neighbourhood": "",
    "formatted_address": "Παρ. Λεωφ. Βουλιαγμένης 276, Αγ. Δημήτριος Αττικής 173 43, Ελλάδα",
    "website": "https://www.villagecinemas.gr/el/kinimatografoi/village-cinemas-@-athens-metro-mall/"
  },
  "λάμπρος κωνσταντάρας - ρένα βλαχοπούλου_κουντουριώτου 40 & μυριοφύτου 55 (μετρο αιγάλεω)": {
    "lat": 37.9949972,
    "lon": 23.685323,
    "area": "Αιγάλεω",
    "suburb": null,
    "neighbourhood": "Σωτηράκη",
    "formatted_address": "Κουντουριώτου 40, Αιγάλεω 122 42, Ελλάδα",
    "website": "https://www.lamproskonstantaras.gr/"
  },
  "φοίβος digital cinema_εθν. αντιστάσεως 3, μετρο σταθμός περιστέρι": {
    "lat": 38.0122606,
    "lon": 23.695766,
    "area": "Περιστέρι",
    "suburb": "",
    "neighbourhood": "",
    "formatted_address": "Εθ. Αντιστάσεως 3, Περιστέρι 121 34, Ελλάδα",
    "website": "http://www.foivoscinema.gr/"
  },
  "westcity cinemas_λ. κωνσταντινουπόλεως 82b, περιστέρι": {
    "lat": 38.0126859,
    "lon": 23.7072961,
    "area": "Περιστέρι",
    "suburb": null,
    "neighbourhood": "Μπουρνάζι",
    "formatted_address": "Λεωφ. Κωνσταντινουπόλεως 82, Περιστέρι 121 33, Ελλάδα",
    "website": "https://westcitycinemas.gr/"
  },
  "βάρκιζα_θάσου 22, βάρκιζα": {
    "lat": 37.8226333,
    "lon": 23.7985161,
    "area": "Βάρη",
    "suburb": null,
    "neighbourhood": null,
    "formatted_address": "Θάσου 22, Βάρη 166 72, Ελλάδα",
    "website": "https://www.facebook.com/Cine-%CE%92%CE%AC%CF%81%CE%BA%CE%B9%CE%B6%CE%B1"
  },
  "options cinemas@glyfada_ζησιμοπούλου 7 & α. μεταξά, γλυφάδα": {
    "lat": 37.8610571,
    "lon": 23.7526115,
    "area": "Γλυφάδα",
    "suburb": "Γλυφάδα",
    "neighbourhood": null,
    "formatted_address": "Ζησιμοπούλου 7, Γλυφάδα 166 74, Ελλάδα",
    "website": "https://www.options-cinemas.gr/athina/glyfada"
  },
  "δημ. κιν. σινεάκ_πλ. δημαρχείου, πειραιάς": {
    "lat": 37.9418927,
    "lon": 23.6471955,
    "area": "Πειραιάς",
    "suburb": null,
    "neighbourhood": "Τερψιθέα",
    "formatted_address": "Πλ. Κοραή, Πειραιάς 185 35, Ελλάδα",
    "website": "http://www.cineak.gr/"
  },
  "studio new star art cinema_σπάρτης & σταυροπούλου 33, πλ. αμερικής": {
    "lat": 38.0031439,
    "lon": 23.7309064,
    "area": "Αθήνα",
    "suburb": "Κυψέλη",
    "neighbourhood": "Πλατεία Αμερικής",
    "formatted_address": "Σταυροπούλου 33, Αθήνα 112 52, Ελλάδα",
    "website": "https://www.newstarartcinema.gr/"
  },
  "κηφισιά cinemax 3_δροσίνη 16 (απέναντι στο βάρσο), κηφισιά": {
    "lat": 38.071645,
    "lon": 23.8121325,
    "area": "Κηφισιά",
    "suburb": "",
    "neighbourhood": "",
    "formatted_address": "Γεωρ. Δροσίνη 16, Κηφισιά 145 62, Ελλάδα",
    "website": "http://www.cinemax.gr/"
  },
  "άστυ_κοραή 4 (μετρο πανεπιστήμιο)": {
    "lat": 37.9797963,
    "lon": 23.7325438,
    "area": "Αθήνα",
    "suburb": null,
    "neighbourhood": "Ακαδημία",
    "formatted_address": "Κοραή 4, Αθήνα 105 64, Ελλάδα",
    "website": "http://www.asty-cinema.gr/"
  },
  "δημ. κιν/θέατρο γιάννης ρίτσος_κρήτης & θεμιστοκλέους 69 (300 μ. μετρο), αγ. βαρβάρα": {
    "lat": 37.990862,
    "lon": 23.654164,
    "area": "Αγία Βαρβάρα",
    "suburb": "",
    "neighbourhood": "",
    "formatted_address": "Κρήτης 69, 300 μ, Αγ. Βαρβάρα 123 51, Ελλάδα",
    "website": null
  },
  "ταινιοθήκη της ελλάδος_ιερά οδός 48 & μεγ. αλεξάνδρου 134-136, (μετρο κεραμεικός)": {
    "lat": 37.980953,
    "lon": 23.7127069,
    "area": "Αθήνα",
    "suburb": "",
    "neighbourhood": "",
    "formatted_address": "Μεγ. Αλεξάνδρου 136, Αθήνα 104 35, Ελλάδα",
    "website": "http://www.tainiothiki.gr/"
  },
  "αβάνα_λεωφ. κηφισίας 234 & λυκούργου 3": {
    "lat": 38.0148347,
    "lon": 23.785004,
    "area": "Χαλάνδρι",
    "suburb": "",
    "neighbourhood": "",
    "formatted_address": "Λυκούργου 3, 234, Χαλάνδρι 152 31, Ελλάδα",
    "website": "https://m.facebook.com/pages/category/Movie-Theater/Cine-%CE%91%CE%B2%CE%AC%CE%BD%CE%B1-1581161802196554/?locale2=el_GR"
  },
  "athinaion experience (the)_λεωφ. β. σοφίας 124 (μετρο αμπελόκηποι)": {
    "lat": 37.9859587,
    "lon": 23.7612773,
    "area": "Αθήνα",
    "suburb": "Αμπελόκηποι",
    "neighbourhood": "Κουντουριώτικα",
    "formatted_address": "Βασ. Σοφίας 124, Αθήνα 115 26, Ελλάδα",
    "website": "http://athinaion.gr/"
  },
  "athinaion experience powered by allianz_λεωφ. β. σοφίας 124 (μετρο αμπελόκηποι)": {
    "lat": 37.9859587,
    "lon": 23.7612773,
    "area": "Αθήνα",
    "suburb": "",
    "neighbourhood": "",
    "formatted_address": "Βασ. Σοφίας 124, Αθήνα 115 26, Ελλάδα",
    "website": "http://athinaion.gr/"
  },
  "δημ. κιν. όνειρο ρέντη_μπαλτατζή & χρ. σμύρνης 84 (έναντι factory), αγ. ιωάννης ρέντη": {
    "lat": 37.9551048,
    "lon": 23.6692018,
    "area": "Άγιος Ιωάννης Ρέντης",
    "suburb": "",
    "neighbourhood": "",
    "formatted_address": "Μπαλτατζή, Αγ. Ιωάννης Ρέντης 182 33, Ελλάδα",
    "website": "http://cineoneiro.gr/"
  }
}